--
-- PostgreSQL database dump
--

-- Dumped from database version 14.7 (Ubuntu 14.7-0ubuntu0.22.04.1)
-- Dumped by pg_dump version 14.7 (Ubuntu 14.7-0ubuntu0.22.04.1)

SET statement_timeout = 0;
SET lock_timeout = 0;
SET idle_in_transaction_session_timeout = 0;
SET client_encoding = 'UTF8';
SET standard_conforming_strings = on;
SELECT pg_catalog.set_config('search_path', '', false);
SET check_function_bodies = false;
SET xmloption = content;
SET client_min_messages = warning;
SET row_security = off;

SET default_tablespace = '';

SET default_table_access_method = heap;

--
-- Name: api_Immfly_channel; Type: TABLE; Schema: public; Owner: sferrara
--

CREATE TABLE public."api_Immfly_channel" (
    id bigint NOT NULL,
    title character varying(255) NOT NULL,
    langueage character varying(255) NOT NULL,
    image character varying(100) NOT NULL
);


ALTER TABLE public."api_Immfly_channel" OWNER TO sferrara;

--
-- Name: api_Immfly_channel_id_seq; Type: SEQUENCE; Schema: public; Owner: sferrara
--

ALTER TABLE public."api_Immfly_channel" ALTER COLUMN id ADD GENERATED BY DEFAULT AS IDENTITY (
    SEQUENCE NAME public."api_Immfly_channel_id_seq"
    START WITH 1
    INCREMENT BY 1
    NO MINVALUE
    NO MAXVALUE
    CACHE 1
);


--
-- Name: api_Immfly_channel_parent; Type: TABLE; Schema: public; Owner: sferrara
--

CREATE TABLE public."api_Immfly_channel_parent" (
    id bigint NOT NULL,
    from_channel_id bigint NOT NULL,
    to_channel_id bigint NOT NULL
);


ALTER TABLE public."api_Immfly_channel_parent" OWNER TO sferrara;

--
-- Name: api_Immfly_channel_parent_id_seq; Type: SEQUENCE; Schema: public; Owner: sferrara
--

ALTER TABLE public."api_Immfly_channel_parent" ALTER COLUMN id ADD GENERATED BY DEFAULT AS IDENTITY (
    SEQUENCE NAME public."api_Immfly_channel_parent_id_seq"
    START WITH 1
    INCREMENT BY 1
    NO MINVALUE
    NO MAXVALUE
    CACHE 1
);


--
-- Name: api_Immfly_content; Type: TABLE; Schema: public; Owner: sferrara
--

CREATE TABLE public."api_Immfly_content" (
    id bigint NOT NULL,
    ranking integer NOT NULL,
    channel_id bigint NOT NULL
);


ALTER TABLE public."api_Immfly_content" OWNER TO sferrara;

--
-- Name: api_Immfly_content_id_seq; Type: SEQUENCE; Schema: public; Owner: sferrara
--

ALTER TABLE public."api_Immfly_content" ALTER COLUMN id ADD GENERATED BY DEFAULT AS IDENTITY (
    SEQUENCE NAME public."api_Immfly_content_id_seq"
    START WITH 1
    INCREMENT BY 1
    NO MINVALUE
    NO MAXVALUE
    CACHE 1
);


--
-- Name: api_Immfly_metadatos; Type: TABLE; Schema: public; Owner: sferrara
--

CREATE TABLE public."api_Immfly_metadatos" (
    id bigint NOT NULL,
    name character varying(30) NOT NULL,
    description character varying(100) NOT NULL,
    content_id bigint NOT NULL
);


ALTER TABLE public."api_Immfly_metadatos" OWNER TO sferrara;

--
-- Name: api_Immfly_metadatos_id_seq; Type: SEQUENCE; Schema: public; Owner: sferrara
--

ALTER TABLE public."api_Immfly_metadatos" ALTER COLUMN id ADD GENERATED BY DEFAULT AS IDENTITY (
    SEQUENCE NAME public."api_Immfly_metadatos_id_seq"
    START WITH 1
    INCREMENT BY 1
    NO MINVALUE
    NO MAXVALUE
    CACHE 1
);


--
-- Name: auth_group; Type: TABLE; Schema: public; Owner: sferrara
--

CREATE TABLE public.auth_group (
    id integer NOT NULL,
    name character varying(150) NOT NULL
);


ALTER TABLE public.auth_group OWNER TO sferrara;

--
-- Name: auth_group_id_seq; Type: SEQUENCE; Schema: public; Owner: sferrara
--

ALTER TABLE public.auth_group ALTER COLUMN id ADD GENERATED BY DEFAULT AS IDENTITY (
    SEQUENCE NAME public.auth_group_id_seq
    START WITH 1
    INCREMENT BY 1
    NO MINVALUE
    NO MAXVALUE
    CACHE 1
);


--
-- Name: auth_group_permissions; Type: TABLE; Schema: public; Owner: sferrara
--

CREATE TABLE public.auth_group_permissions (
    id bigint NOT NULL,
    group_id integer NOT NULL,
    permission_id integer NOT NULL
);


ALTER TABLE public.auth_group_permissions OWNER TO sferrara;

--
-- Name: auth_group_permissions_id_seq; Type: SEQUENCE; Schema: public; Owner: sferrara
--

ALTER TABLE public.auth_group_permissions ALTER COLUMN id ADD GENERATED BY DEFAULT AS IDENTITY (
    SEQUENCE NAME public.auth_group_permissions_id_seq
    START WITH 1
    INCREMENT BY 1
    NO MINVALUE
    NO MAXVALUE
    CACHE 1
);


--
-- Name: auth_permission; Type: TABLE; Schema: public; Owner: sferrara
--

CREATE TABLE public.auth_permission (
    id integer NOT NULL,
    name character varying(255) NOT NULL,
    content_type_id integer NOT NULL,
    codename character varying(100) NOT NULL
);


ALTER TABLE public.auth_permission OWNER TO sferrara;

--
-- Name: auth_permission_id_seq; Type: SEQUENCE; Schema: public; Owner: sferrara
--

ALTER TABLE public.auth_permission ALTER COLUMN id ADD GENERATED BY DEFAULT AS IDENTITY (
    SEQUENCE NAME public.auth_permission_id_seq
    START WITH 1
    INCREMENT BY 1
    NO MINVALUE
    NO MAXVALUE
    CACHE 1
);


--
-- Name: auth_user; Type: TABLE; Schema: public; Owner: sferrara
--

CREATE TABLE public.auth_user (
    id integer NOT NULL,
    password character varying(128) NOT NULL,
    last_login timestamp with time zone,
    is_superuser boolean NOT NULL,
    username character varying(150) NOT NULL,
    first_name character varying(150) NOT NULL,
    last_name character varying(150) NOT NULL,
    email character varying(254) NOT NULL,
    is_staff boolean NOT NULL,
    is_active boolean NOT NULL,
    date_joined timestamp with time zone NOT NULL
);


ALTER TABLE public.auth_user OWNER TO sferrara;

--
-- Name: auth_user_groups; Type: TABLE; Schema: public; Owner: sferrara
--

CREATE TABLE public.auth_user_groups (
    id bigint NOT NULL,
    user_id integer NOT NULL,
    group_id integer NOT NULL
);


ALTER TABLE public.auth_user_groups OWNER TO sferrara;

--
-- Name: auth_user_groups_id_seq; Type: SEQUENCE; Schema: public; Owner: sferrara
--

ALTER TABLE public.auth_user_groups ALTER COLUMN id ADD GENERATED BY DEFAULT AS IDENTITY (
    SEQUENCE NAME public.auth_user_groups_id_seq
    START WITH 1
    INCREMENT BY 1
    NO MINVALUE
    NO MAXVALUE
    CACHE 1
);


--
-- Name: auth_user_id_seq; Type: SEQUENCE; Schema: public; Owner: sferrara
--

ALTER TABLE public.auth_user ALTER COLUMN id ADD GENERATED BY DEFAULT AS IDENTITY (
    SEQUENCE NAME public.auth_user_id_seq
    START WITH 1
    INCREMENT BY 1
    NO MINVALUE
    NO MAXVALUE
    CACHE 1
);


--
-- Name: auth_user_user_permissions; Type: TABLE; Schema: public; Owner: sferrara
--

CREATE TABLE public.auth_user_user_permissions (
    id bigint NOT NULL,
    user_id integer NOT NULL,
    permission_id integer NOT NULL
);


ALTER TABLE public.auth_user_user_permissions OWNER TO sferrara;

--
-- Name: auth_user_user_permissions_id_seq; Type: SEQUENCE; Schema: public; Owner: sferrara
--

ALTER TABLE public.auth_user_user_permissions ALTER COLUMN id ADD GENERATED BY DEFAULT AS IDENTITY (
    SEQUENCE NAME public.auth_user_user_permissions_id_seq
    START WITH 1
    INCREMENT BY 1
    NO MINVALUE
    NO MAXVALUE
    CACHE 1
);


--
-- Name: django_admin_log; Type: TABLE; Schema: public; Owner: sferrara
--

CREATE TABLE public.django_admin_log (
    id integer NOT NULL,
    action_time timestamp with time zone NOT NULL,
    object_id text,
    object_repr character varying(200) NOT NULL,
    action_flag smallint NOT NULL,
    change_message text NOT NULL,
    content_type_id integer,
    user_id integer NOT NULL,
    CONSTRAINT django_admin_log_action_flag_check CHECK ((action_flag >= 0))
);


ALTER TABLE public.django_admin_log OWNER TO sferrara;

--
-- Name: django_admin_log_id_seq; Type: SEQUENCE; Schema: public; Owner: sferrara
--

ALTER TABLE public.django_admin_log ALTER COLUMN id ADD GENERATED BY DEFAULT AS IDENTITY (
    SEQUENCE NAME public.django_admin_log_id_seq
    START WITH 1
    INCREMENT BY 1
    NO MINVALUE
    NO MAXVALUE
    CACHE 1
);


--
-- Name: django_content_type; Type: TABLE; Schema: public; Owner: sferrara
--

CREATE TABLE public.django_content_type (
    id integer NOT NULL,
    app_label character varying(100) NOT NULL,
    model character varying(100) NOT NULL
);


ALTER TABLE public.django_content_type OWNER TO sferrara;

--
-- Name: django_content_type_id_seq; Type: SEQUENCE; Schema: public; Owner: sferrara
--

ALTER TABLE public.django_content_type ALTER COLUMN id ADD GENERATED BY DEFAULT AS IDENTITY (
    SEQUENCE NAME public.django_content_type_id_seq
    START WITH 1
    INCREMENT BY 1
    NO MINVALUE
    NO MAXVALUE
    CACHE 1
);


--
-- Name: django_migrations; Type: TABLE; Schema: public; Owner: sferrara
--

CREATE TABLE public.django_migrations (
    id bigint NOT NULL,
    app character varying(255) NOT NULL,
    name character varying(255) NOT NULL,
    applied timestamp with time zone NOT NULL
);


ALTER TABLE public.django_migrations OWNER TO sferrara;

--
-- Name: django_migrations_id_seq; Type: SEQUENCE; Schema: public; Owner: sferrara
--

ALTER TABLE public.django_migrations ALTER COLUMN id ADD GENERATED BY DEFAULT AS IDENTITY (
    SEQUENCE NAME public.django_migrations_id_seq
    START WITH 1
    INCREMENT BY 1
    NO MINVALUE
    NO MAXVALUE
    CACHE 1
);


--
-- Name: django_session; Type: TABLE; Schema: public; Owner: sferrara
--

CREATE TABLE public.django_session (
    session_key character varying(40) NOT NULL,
    session_data text NOT NULL,
    expire_date timestamp with time zone NOT NULL
);


ALTER TABLE public.django_session OWNER TO sferrara;

--
-- Data for Name: api_Immfly_channel; Type: TABLE DATA; Schema: public; Owner: sferrara
--

COPY public."api_Immfly_channel" (id, title, langueage, image) FROM stdin;
7	MOVIES	Ingles	photos/23/04/movies_icon_159164.png
9	TV SHOWS	Ingles	photos/23/04/iconfinder-redtvshowtranslationlivebroadcast-3993851_112667_0xZDvcS.png
11	KIDS	ESPAÑOL	photos/23/04/puzzle_box_children_toys_icon_225255.png
15	NOTTING HILL	Español	photos/23/04/NOTHING.jpg
16	VIKINGS	Frances	photos/23/04/vikings.jpg
17	THE HANDMAID'S TALE	Ingles	photos/23/04/handmaid.jpg
18	EL CORRECAMINOS Y EL COYOTE	Español	photos/23/04/CORRECAMINOS.jpg
14	SOULMATES	Ingles	photos/23/04/soulmates.jpg
13	GAMES	Ingles	photos/23/04/976605-appliances-console-controller-dualshock-gamepad-games-videogame_106553.png
12	PRESS && MAGAZINE	Frances	photos/23/04/news-newspaper-media-paper-press-article_108607.png
10	MUSIC	Ingles	photos/23/04/music-note-circle-shape-brand_icon-icons.com_59119.png
19	DISCOVERY	Español	photos/23/04/CORRECAMINOS.jpg
\.


--
-- Data for Name: api_Immfly_channel_parent; Type: TABLE DATA; Schema: public; Owner: sferrara
--

COPY public."api_Immfly_channel_parent" (id, from_channel_id, to_channel_id) FROM stdin;
1	15	7
2	12	18
3	10	12
4	13	17
5	17	9
6	16	9
7	18	11
8	19	17
9	19	7
\.


--
-- Data for Name: api_Immfly_content; Type: TABLE DATA; Schema: public; Owner: sferrara
--

COPY public."api_Immfly_content" (id, ranking, channel_id) FROM stdin;
2	3	13
12	9	13
6	5	13
4	5	13
7	8	15
5	1	10
3	5	15
1	10	10
8	7	15
9	5	10
10	8	15
11	1	15
13	10	10
14	7	16
15	9	19
\.


--
-- Data for Name: api_Immfly_metadatos; Type: TABLE DATA; Schema: public; Owner: sferrara
--

COPY public."api_Immfly_metadatos" (id, name, description, content_id) FROM stdin;
\.


--
-- Data for Name: auth_group; Type: TABLE DATA; Schema: public; Owner: sferrara
--

COPY public.auth_group (id, name) FROM stdin;
\.


--
-- Data for Name: auth_group_permissions; Type: TABLE DATA; Schema: public; Owner: sferrara
--

COPY public.auth_group_permissions (id, group_id, permission_id) FROM stdin;
\.


--
-- Data for Name: auth_permission; Type: TABLE DATA; Schema: public; Owner: sferrara
--

COPY public.auth_permission (id, name, content_type_id, codename) FROM stdin;
1	Can add log entry	1	add_logentry
2	Can change log entry	1	change_logentry
3	Can delete log entry	1	delete_logentry
4	Can view log entry	1	view_logentry
5	Can add permission	2	add_permission
6	Can change permission	2	change_permission
7	Can delete permission	2	delete_permission
8	Can view permission	2	view_permission
9	Can add group	3	add_group
10	Can change group	3	change_group
11	Can delete group	3	delete_group
12	Can view group	3	view_group
13	Can add user	4	add_user
14	Can change user	4	change_user
15	Can delete user	4	delete_user
16	Can view user	4	view_user
17	Can add content type	5	add_contenttype
18	Can change content type	5	change_contenttype
19	Can delete content type	5	delete_contenttype
20	Can view content type	5	view_contenttype
21	Can add session	6	add_session
22	Can change session	6	change_session
23	Can delete session	6	delete_session
24	Can view session	6	view_session
25	Can add channel	7	add_channel
26	Can change channel	7	change_channel
27	Can delete channel	7	delete_channel
28	Can view channel	7	view_channel
29	Can add content	8	add_content
30	Can change content	8	change_content
31	Can delete content	8	delete_content
32	Can view content	8	view_content
33	Can add metadatos	9	add_metadatos
34	Can change metadatos	9	change_metadatos
35	Can delete metadatos	9	delete_metadatos
36	Can view metadatos	9	view_metadatos
\.


--
-- Data for Name: auth_user; Type: TABLE DATA; Schema: public; Owner: sferrara
--

COPY public.auth_user (id, password, last_login, is_superuser, username, first_name, last_name, email, is_staff, is_active, date_joined) FROM stdin;
1	pbkdf2_sha256$600000$T966MLK25cfSFImfi944R0$vm9mR7tDTXtiLHCr0GXSekBJN/CdOZNlGUdRCfwD9zo=	2023-04-26 20:45:21.77809+00	t	sferrara				t	t	2023-04-26 20:45:08.625164+00
\.


--
-- Data for Name: auth_user_groups; Type: TABLE DATA; Schema: public; Owner: sferrara
--

COPY public.auth_user_groups (id, user_id, group_id) FROM stdin;
\.


--
-- Data for Name: auth_user_user_permissions; Type: TABLE DATA; Schema: public; Owner: sferrara
--

COPY public.auth_user_user_permissions (id, user_id, permission_id) FROM stdin;
\.


--
-- Data for Name: django_admin_log; Type: TABLE DATA; Schema: public; Owner: sferrara
--

COPY public.django_admin_log (id, action_time, object_id, object_repr, action_flag, change_message, content_type_id, user_id) FROM stdin;
1	2023-04-26 21:00:25.860216+00	1	Channel object (1)	1	[{"added": {}}]	7	1
2	2023-04-26 21:20:34.592651+00	1	Channel object (1)	3		7	1
3	2023-04-26 21:20:50.569798+00	7	Channel object (7)	1	[{"added": {}}]	7	1
4	2023-04-26 21:21:50.411381+00	9	Channel object (9)	1	[{"added": {}}]	7	1
5	2023-04-26 21:22:20.408404+00	10	Channel object (10)	1	[{"added": {}}]	7	1
6	2023-04-26 21:22:42.227506+00	11	Channel object (11)	1	[{"added": {}}]	7	1
7	2023-04-26 21:23:16.386575+00	12	Channel object (12)	1	[{"added": {}}]	7	1
8	2023-04-26 21:23:34.576065+00	13	Channel object (13)	1	[{"added": {}}]	7	1
9	2023-04-26 21:29:26.619054+00	14	Channel object (14)	1	[{"added": {}}]	7	1
10	2023-04-26 21:30:41.681233+00	15	Channel object (15)	1	[{"added": {}}]	7	1
11	2023-04-26 21:31:07.104261+00	16	Channel object (16)	1	[{"added": {}}]	7	1
12	2023-04-26 21:32:27.830091+00	17	Channel object (17)	1	[{"added": {}}]	7	1
13	2023-04-26 21:34:01.798498+00	18	Channel object (18)	1	[{"added": {}}]	7	1
14	2023-04-27 20:04:38.730251+00	1	Content object (1)	1	[{"added": {}}]	8	1
15	2023-04-27 20:04:44.248281+00	2	Content object (2)	1	[{"added": {}}]	8	1
16	2023-04-27 20:04:48.981833+00	3	Content object (3)	1	[{"added": {}}]	8	1
17	2023-04-27 20:04:55.101557+00	4	Content object (4)	1	[{"added": {}}]	8	1
18	2023-04-27 20:06:03.773314+00	5	Content object (5)	1	[{"added": {}}]	8	1
19	2023-04-27 20:06:09.647173+00	6	Content object (6)	1	[{"added": {}}]	8	1
20	2023-04-27 20:06:18.050002+00	7	Content object (7)	1	[{"added": {}}]	8	1
\.


--
-- Data for Name: django_content_type; Type: TABLE DATA; Schema: public; Owner: sferrara
--

COPY public.django_content_type (id, app_label, model) FROM stdin;
1	admin	logentry
2	auth	permission
3	auth	group
4	auth	user
5	contenttypes	contenttype
6	sessions	session
7	api_Immfly	channel
8	api_Immfly	content
9	api_Immfly	metadatos
\.


--
-- Data for Name: django_migrations; Type: TABLE DATA; Schema: public; Owner: sferrara
--

COPY public.django_migrations (id, app, name, applied) FROM stdin;
1	contenttypes	0001_initial	2023-04-26 18:56:00.281865+00
2	auth	0001_initial	2023-04-26 18:56:00.391431+00
3	admin	0001_initial	2023-04-26 18:56:00.424641+00
4	admin	0002_logentry_remove_auto_add	2023-04-26 18:56:00.439958+00
5	admin	0003_logentry_add_action_flag_choices	2023-04-26 18:56:00.457766+00
6	api_Immfly	0001_initial	2023-04-26 18:56:00.513851+00
7	contenttypes	0002_remove_content_type_name	2023-04-26 18:56:00.538425+00
8	auth	0002_alter_permission_name_max_length	2023-04-26 18:56:00.56105+00
9	auth	0003_alter_user_email_max_length	2023-04-26 18:56:00.578565+00
10	auth	0004_alter_user_username_opts	2023-04-26 18:56:00.597309+00
11	auth	0005_alter_user_last_login_null	2023-04-26 18:56:00.617876+00
12	auth	0006_require_contenttypes_0002	2023-04-26 18:56:00.622955+00
13	auth	0007_alter_validators_add_error_messages	2023-04-26 18:56:00.644217+00
14	auth	0008_alter_user_username_max_length	2023-04-26 18:56:00.665227+00
15	auth	0009_alter_user_last_name_max_length	2023-04-26 18:56:00.681794+00
16	auth	0010_alter_group_name_max_length	2023-04-26 18:56:00.709498+00
17	auth	0011_update_proxy_permissions	2023-04-26 18:56:00.734886+00
18	auth	0012_alter_user_first_name_max_length	2023-04-26 18:56:00.756693+00
19	sessions	0001_initial	2023-04-26 18:56:00.781929+00
20	api_Immfly	0002_rename_channel_id_content_channel_and_more	2023-04-26 19:06:21.285872+00
21	api_Immfly	0003_alter_channel_langueage	2023-04-26 21:21:40.784641+00
22	api_Immfly	0004_remove_channel_parent_channel_parent	2023-05-01 06:55:16.463929+00
23	api_Immfly	0005_alter_channel_parent	2023-05-01 07:24:05.897544+00
\.


--
-- Data for Name: django_session; Type: TABLE DATA; Schema: public; Owner: sferrara
--

COPY public.django_session (session_key, session_data, expire_date) FROM stdin;
n9xh3bet0zcz8occr9zoq3k6xl56mx7y	.eJxVjEEOwiAQRe_C2pAyUxjq0r1naBgYpGpoUtqV8e7apAvd_vfef6kxbGsZtybLOCV1VkadfjcO8SF1B-ke6m3Wca7rMrHeFX3Qpq9zkuflcP8OSmjlW1vvqLdAmAk6ks4RMLqek-8YBTDDgEGGAOIjZXbJGJ_Rp96it2RAvT-zajbD:1prm0v:A4Safc7w5xpLyyMfFasYJlxy4K6qzakaD9d2TUVK4UQ	2023-05-10 20:45:21.780512+00
\.


--
-- Name: api_Immfly_channel_id_seq; Type: SEQUENCE SET; Schema: public; Owner: sferrara
--

SELECT pg_catalog.setval('public."api_Immfly_channel_id_seq"', 19, true);


--
-- Name: api_Immfly_channel_parent_id_seq; Type: SEQUENCE SET; Schema: public; Owner: sferrara
--

SELECT pg_catalog.setval('public."api_Immfly_channel_parent_id_seq"', 9, true);


--
-- Name: api_Immfly_content_id_seq; Type: SEQUENCE SET; Schema: public; Owner: sferrara
--

SELECT pg_catalog.setval('public."api_Immfly_content_id_seq"', 15, true);


--
-- Name: api_Immfly_metadatos_id_seq; Type: SEQUENCE SET; Schema: public; Owner: sferrara
--

SELECT pg_catalog.setval('public."api_Immfly_metadatos_id_seq"', 1, false);


--
-- Name: auth_group_id_seq; Type: SEQUENCE SET; Schema: public; Owner: sferrara
--

SELECT pg_catalog.setval('public.auth_group_id_seq', 1, false);


--
-- Name: auth_group_permissions_id_seq; Type: SEQUENCE SET; Schema: public; Owner: sferrara
--

SELECT pg_catalog.setval('public.auth_group_permissions_id_seq', 1, false);


--
-- Name: auth_permission_id_seq; Type: SEQUENCE SET; Schema: public; Owner: sferrara
--

SELECT pg_catalog.setval('public.auth_permission_id_seq', 36, true);


--
-- Name: auth_user_groups_id_seq; Type: SEQUENCE SET; Schema: public; Owner: sferrara
--

SELECT pg_catalog.setval('public.auth_user_groups_id_seq', 1, false);


--
-- Name: auth_user_id_seq; Type: SEQUENCE SET; Schema: public; Owner: sferrara
--

SELECT pg_catalog.setval('public.auth_user_id_seq', 1, true);


--
-- Name: auth_user_user_permissions_id_seq; Type: SEQUENCE SET; Schema: public; Owner: sferrara
--

SELECT pg_catalog.setval('public.auth_user_user_permissions_id_seq', 1, false);


--
-- Name: django_admin_log_id_seq; Type: SEQUENCE SET; Schema: public; Owner: sferrara
--

SELECT pg_catalog.setval('public.django_admin_log_id_seq', 20, true);


--
-- Name: django_content_type_id_seq; Type: SEQUENCE SET; Schema: public; Owner: sferrara
--

SELECT pg_catalog.setval('public.django_content_type_id_seq', 9, true);


--
-- Name: django_migrations_id_seq; Type: SEQUENCE SET; Schema: public; Owner: sferrara
--

SELECT pg_catalog.setval('public.django_migrations_id_seq', 23, true);


--
-- Name: api_Immfly_channel_parent api_Immfly_channel_paren_from_channel_id_to_chann_eca0352b_uniq; Type: CONSTRAINT; Schema: public; Owner: sferrara
--

ALTER TABLE ONLY public."api_Immfly_channel_parent"
    ADD CONSTRAINT "api_Immfly_channel_paren_from_channel_id_to_chann_eca0352b_uniq" UNIQUE (from_channel_id, to_channel_id);


--
-- Name: api_Immfly_channel_parent api_Immfly_channel_parent_pkey; Type: CONSTRAINT; Schema: public; Owner: sferrara
--

ALTER TABLE ONLY public."api_Immfly_channel_parent"
    ADD CONSTRAINT "api_Immfly_channel_parent_pkey" PRIMARY KEY (id);


--
-- Name: api_Immfly_channel api_Immfly_channel_pkey; Type: CONSTRAINT; Schema: public; Owner: sferrara
--

ALTER TABLE ONLY public."api_Immfly_channel"
    ADD CONSTRAINT "api_Immfly_channel_pkey" PRIMARY KEY (id);


--
-- Name: api_Immfly_channel api_Immfly_channel_title_key; Type: CONSTRAINT; Schema: public; Owner: sferrara
--

ALTER TABLE ONLY public."api_Immfly_channel"
    ADD CONSTRAINT "api_Immfly_channel_title_key" UNIQUE (title);


--
-- Name: api_Immfly_content api_Immfly_content_pkey; Type: CONSTRAINT; Schema: public; Owner: sferrara
--

ALTER TABLE ONLY public."api_Immfly_content"
    ADD CONSTRAINT "api_Immfly_content_pkey" PRIMARY KEY (id);


--
-- Name: api_Immfly_metadatos api_Immfly_metadatos_pkey; Type: CONSTRAINT; Schema: public; Owner: sferrara
--

ALTER TABLE ONLY public."api_Immfly_metadatos"
    ADD CONSTRAINT "api_Immfly_metadatos_pkey" PRIMARY KEY (id);


--
-- Name: auth_group auth_group_name_key; Type: CONSTRAINT; Schema: public; Owner: sferrara
--

ALTER TABLE ONLY public.auth_group
    ADD CONSTRAINT auth_group_name_key UNIQUE (name);


--
-- Name: auth_group_permissions auth_group_permissions_group_id_permission_id_0cd325b0_uniq; Type: CONSTRAINT; Schema: public; Owner: sferrara
--

ALTER TABLE ONLY public.auth_group_permissions
    ADD CONSTRAINT auth_group_permissions_group_id_permission_id_0cd325b0_uniq UNIQUE (group_id, permission_id);


--
-- Name: auth_group_permissions auth_group_permissions_pkey; Type: CONSTRAINT; Schema: public; Owner: sferrara
--

ALTER TABLE ONLY public.auth_group_permissions
    ADD CONSTRAINT auth_group_permissions_pkey PRIMARY KEY (id);


--
-- Name: auth_group auth_group_pkey; Type: CONSTRAINT; Schema: public; Owner: sferrara
--

ALTER TABLE ONLY public.auth_group
    ADD CONSTRAINT auth_group_pkey PRIMARY KEY (id);


--
-- Name: auth_permission auth_permission_content_type_id_codename_01ab375a_uniq; Type: CONSTRAINT; Schema: public; Owner: sferrara
--

ALTER TABLE ONLY public.auth_permission
    ADD CONSTRAINT auth_permission_content_type_id_codename_01ab375a_uniq UNIQUE (content_type_id, codename);


--
-- Name: auth_permission auth_permission_pkey; Type: CONSTRAINT; Schema: public; Owner: sferrara
--

ALTER TABLE ONLY public.auth_permission
    ADD CONSTRAINT auth_permission_pkey PRIMARY KEY (id);


--
-- Name: auth_user_groups auth_user_groups_pkey; Type: CONSTRAINT; Schema: public; Owner: sferrara
--

ALTER TABLE ONLY public.auth_user_groups
    ADD CONSTRAINT auth_user_groups_pkey PRIMARY KEY (id);


--
-- Name: auth_user_groups auth_user_groups_user_id_group_id_94350c0c_uniq; Type: CONSTRAINT; Schema: public; Owner: sferrara
--

ALTER TABLE ONLY public.auth_user_groups
    ADD CONSTRAINT auth_user_groups_user_id_group_id_94350c0c_uniq UNIQUE (user_id, group_id);


--
-- Name: auth_user auth_user_pkey; Type: CONSTRAINT; Schema: public; Owner: sferrara
--

ALTER TABLE ONLY public.auth_user
    ADD CONSTRAINT auth_user_pkey PRIMARY KEY (id);


--
-- Name: auth_user_user_permissions auth_user_user_permissions_pkey; Type: CONSTRAINT; Schema: public; Owner: sferrara
--

ALTER TABLE ONLY public.auth_user_user_permissions
    ADD CONSTRAINT auth_user_user_permissions_pkey PRIMARY KEY (id);


--
-- Name: auth_user_user_permissions auth_user_user_permissions_user_id_permission_id_14a6b632_uniq; Type: CONSTRAINT; Schema: public; Owner: sferrara
--

ALTER TABLE ONLY public.auth_user_user_permissions
    ADD CONSTRAINT auth_user_user_permissions_user_id_permission_id_14a6b632_uniq UNIQUE (user_id, permission_id);


--
-- Name: auth_user auth_user_username_key; Type: CONSTRAINT; Schema: public; Owner: sferrara
--

ALTER TABLE ONLY public.auth_user
    ADD CONSTRAINT auth_user_username_key UNIQUE (username);


--
-- Name: django_admin_log django_admin_log_pkey; Type: CONSTRAINT; Schema: public; Owner: sferrara
--

ALTER TABLE ONLY public.django_admin_log
    ADD CONSTRAINT django_admin_log_pkey PRIMARY KEY (id);


--
-- Name: django_content_type django_content_type_app_label_model_76bd3d3b_uniq; Type: CONSTRAINT; Schema: public; Owner: sferrara
--

ALTER TABLE ONLY public.django_content_type
    ADD CONSTRAINT django_content_type_app_label_model_76bd3d3b_uniq UNIQUE (app_label, model);


--
-- Name: django_content_type django_content_type_pkey; Type: CONSTRAINT; Schema: public; Owner: sferrara
--

ALTER TABLE ONLY public.django_content_type
    ADD CONSTRAINT django_content_type_pkey PRIMARY KEY (id);


--
-- Name: django_migrations django_migrations_pkey; Type: CONSTRAINT; Schema: public; Owner: sferrara
--

ALTER TABLE ONLY public.django_migrations
    ADD CONSTRAINT django_migrations_pkey PRIMARY KEY (id);


--
-- Name: django_session django_session_pkey; Type: CONSTRAINT; Schema: public; Owner: sferrara
--

ALTER TABLE ONLY public.django_session
    ADD CONSTRAINT django_session_pkey PRIMARY KEY (session_key);


--
-- Name: api_Immfly_channel_parent_from_channel_id_cc66e9dc; Type: INDEX; Schema: public; Owner: sferrara
--

CREATE INDEX "api_Immfly_channel_parent_from_channel_id_cc66e9dc" ON public."api_Immfly_channel_parent" USING btree (from_channel_id);


--
-- Name: api_Immfly_channel_parent_to_channel_id_5f7ec250; Type: INDEX; Schema: public; Owner: sferrara
--

CREATE INDEX "api_Immfly_channel_parent_to_channel_id_5f7ec250" ON public."api_Immfly_channel_parent" USING btree (to_channel_id);


--
-- Name: api_Immfly_channel_title_eee1d38e_like; Type: INDEX; Schema: public; Owner: sferrara
--

CREATE INDEX "api_Immfly_channel_title_eee1d38e_like" ON public."api_Immfly_channel" USING btree (title varchar_pattern_ops);


--
-- Name: api_Immfly_content_channel_id_id_18eeebae; Type: INDEX; Schema: public; Owner: sferrara
--

CREATE INDEX "api_Immfly_content_channel_id_id_18eeebae" ON public."api_Immfly_content" USING btree (channel_id);


--
-- Name: api_Immfly_metadatos_content_id_id_3d507f69; Type: INDEX; Schema: public; Owner: sferrara
--

CREATE INDEX "api_Immfly_metadatos_content_id_id_3d507f69" ON public."api_Immfly_metadatos" USING btree (content_id);


--
-- Name: auth_group_name_a6ea08ec_like; Type: INDEX; Schema: public; Owner: sferrara
--

CREATE INDEX auth_group_name_a6ea08ec_like ON public.auth_group USING btree (name varchar_pattern_ops);


--
-- Name: auth_group_permissions_group_id_b120cbf9; Type: INDEX; Schema: public; Owner: sferrara
--

CREATE INDEX auth_group_permissions_group_id_b120cbf9 ON public.auth_group_permissions USING btree (group_id);


--
-- Name: auth_group_permissions_permission_id_84c5c92e; Type: INDEX; Schema: public; Owner: sferrara
--

CREATE INDEX auth_group_permissions_permission_id_84c5c92e ON public.auth_group_permissions USING btree (permission_id);


--
-- Name: auth_permission_content_type_id_2f476e4b; Type: INDEX; Schema: public; Owner: sferrara
--

CREATE INDEX auth_permission_content_type_id_2f476e4b ON public.auth_permission USING btree (content_type_id);


--
-- Name: auth_user_groups_group_id_97559544; Type: INDEX; Schema: public; Owner: sferrara
--

CREATE INDEX auth_user_groups_group_id_97559544 ON public.auth_user_groups USING btree (group_id);


--
-- Name: auth_user_groups_user_id_6a12ed8b; Type: INDEX; Schema: public; Owner: sferrara
--

CREATE INDEX auth_user_groups_user_id_6a12ed8b ON public.auth_user_groups USING btree (user_id);


--
-- Name: auth_user_user_permissions_permission_id_1fbb5f2c; Type: INDEX; Schema: public; Owner: sferrara
--

CREATE INDEX auth_user_user_permissions_permission_id_1fbb5f2c ON public.auth_user_user_permissions USING btree (permission_id);


--
-- Name: auth_user_user_permissions_user_id_a95ead1b; Type: INDEX; Schema: public; Owner: sferrara
--

CREATE INDEX auth_user_user_permissions_user_id_a95ead1b ON public.auth_user_user_permissions USING btree (user_id);


--
-- Name: auth_user_username_6821ab7c_like; Type: INDEX; Schema: public; Owner: sferrara
--

CREATE INDEX auth_user_username_6821ab7c_like ON public.auth_user USING btree (username varchar_pattern_ops);


--
-- Name: django_admin_log_content_type_id_c4bce8eb; Type: INDEX; Schema: public; Owner: sferrara
--

CREATE INDEX django_admin_log_content_type_id_c4bce8eb ON public.django_admin_log USING btree (content_type_id);


--
-- Name: django_admin_log_user_id_c564eba6; Type: INDEX; Schema: public; Owner: sferrara
--

CREATE INDEX django_admin_log_user_id_c564eba6 ON public.django_admin_log USING btree (user_id);


--
-- Name: django_session_expire_date_a5c62663; Type: INDEX; Schema: public; Owner: sferrara
--

CREATE INDEX django_session_expire_date_a5c62663 ON public.django_session USING btree (expire_date);


--
-- Name: django_session_session_key_c0390e0f_like; Type: INDEX; Schema: public; Owner: sferrara
--

CREATE INDEX django_session_session_key_c0390e0f_like ON public.django_session USING btree (session_key varchar_pattern_ops);


--
-- Name: api_Immfly_channel_parent api_Immfly_channel_p_from_channel_id_cc66e9dc_fk_api_Immfl; Type: FK CONSTRAINT; Schema: public; Owner: sferrara
--

ALTER TABLE ONLY public."api_Immfly_channel_parent"
    ADD CONSTRAINT "api_Immfly_channel_p_from_channel_id_cc66e9dc_fk_api_Immfl" FOREIGN KEY (from_channel_id) REFERENCES public."api_Immfly_channel"(id) DEFERRABLE INITIALLY DEFERRED;


--
-- Name: api_Immfly_channel_parent api_Immfly_channel_p_to_channel_id_5f7ec250_fk_api_Immfl; Type: FK CONSTRAINT; Schema: public; Owner: sferrara
--

ALTER TABLE ONLY public."api_Immfly_channel_parent"
    ADD CONSTRAINT "api_Immfly_channel_p_to_channel_id_5f7ec250_fk_api_Immfl" FOREIGN KEY (to_channel_id) REFERENCES public."api_Immfly_channel"(id) DEFERRABLE INITIALLY DEFERRED;


--
-- Name: api_Immfly_content api_Immfly_content_channel_id_fab83bec_fk_api_Immfly_channel_id; Type: FK CONSTRAINT; Schema: public; Owner: sferrara
--

ALTER TABLE ONLY public."api_Immfly_content"
    ADD CONSTRAINT "api_Immfly_content_channel_id_fab83bec_fk_api_Immfly_channel_id" FOREIGN KEY (channel_id) REFERENCES public."api_Immfly_channel"(id) DEFERRABLE INITIALLY DEFERRED;


--
-- Name: api_Immfly_metadatos api_Immfly_metadatos_content_id_4781ebaf_fk_api_Immfl; Type: FK CONSTRAINT; Schema: public; Owner: sferrara
--

ALTER TABLE ONLY public."api_Immfly_metadatos"
    ADD CONSTRAINT "api_Immfly_metadatos_content_id_4781ebaf_fk_api_Immfl" FOREIGN KEY (content_id) REFERENCES public."api_Immfly_content"(id) DEFERRABLE INITIALLY DEFERRED;


--
-- Name: auth_group_permissions auth_group_permissio_permission_id_84c5c92e_fk_auth_perm; Type: FK CONSTRAINT; Schema: public; Owner: sferrara
--

ALTER TABLE ONLY public.auth_group_permissions
    ADD CONSTRAINT auth_group_permissio_permission_id_84c5c92e_fk_auth_perm FOREIGN KEY (permission_id) REFERENCES public.auth_permission(id) DEFERRABLE INITIALLY DEFERRED;


--
-- Name: auth_group_permissions auth_group_permissions_group_id_b120cbf9_fk_auth_group_id; Type: FK CONSTRAINT; Schema: public; Owner: sferrara
--

ALTER TABLE ONLY public.auth_group_permissions
    ADD CONSTRAINT auth_group_permissions_group_id_b120cbf9_fk_auth_group_id FOREIGN KEY (group_id) REFERENCES public.auth_group(id) DEFERRABLE INITIALLY DEFERRED;


--
-- Name: auth_permission auth_permission_content_type_id_2f476e4b_fk_django_co; Type: FK CONSTRAINT; Schema: public; Owner: sferrara
--

ALTER TABLE ONLY public.auth_permission
    ADD CONSTRAINT auth_permission_content_type_id_2f476e4b_fk_django_co FOREIGN KEY (content_type_id) REFERENCES public.django_content_type(id) DEFERRABLE INITIALLY DEFERRED;


--
-- Name: auth_user_groups auth_user_groups_group_id_97559544_fk_auth_group_id; Type: FK CONSTRAINT; Schema: public; Owner: sferrara
--

ALTER TABLE ONLY public.auth_user_groups
    ADD CONSTRAINT auth_user_groups_group_id_97559544_fk_auth_group_id FOREIGN KEY (group_id) REFERENCES public.auth_group(id) DEFERRABLE INITIALLY DEFERRED;


--
-- Name: auth_user_groups auth_user_groups_user_id_6a12ed8b_fk_auth_user_id; Type: FK CONSTRAINT; Schema: public; Owner: sferrara
--

ALTER TABLE ONLY public.auth_user_groups
    ADD CONSTRAINT auth_user_groups_user_id_6a12ed8b_fk_auth_user_id FOREIGN KEY (user_id) REFERENCES public.auth_user(id) DEFERRABLE INITIALLY DEFERRED;


--
-- Name: auth_user_user_permissions auth_user_user_permi_permission_id_1fbb5f2c_fk_auth_perm; Type: FK CONSTRAINT; Schema: public; Owner: sferrara
--

ALTER TABLE ONLY public.auth_user_user_permissions
    ADD CONSTRAINT auth_user_user_permi_permission_id_1fbb5f2c_fk_auth_perm FOREIGN KEY (permission_id) REFERENCES public.auth_permission(id) DEFERRABLE INITIALLY DEFERRED;


--
-- Name: auth_user_user_permissions auth_user_user_permissions_user_id_a95ead1b_fk_auth_user_id; Type: FK CONSTRAINT; Schema: public; Owner: sferrara
--

ALTER TABLE ONLY public.auth_user_user_permissions
    ADD CONSTRAINT auth_user_user_permissions_user_id_a95ead1b_fk_auth_user_id FOREIGN KEY (user_id) REFERENCES public.auth_user(id) DEFERRABLE INITIALLY DEFERRED;


--
-- Name: django_admin_log django_admin_log_content_type_id_c4bce8eb_fk_django_co; Type: FK CONSTRAINT; Schema: public; Owner: sferrara
--

ALTER TABLE ONLY public.django_admin_log
    ADD CONSTRAINT django_admin_log_content_type_id_c4bce8eb_fk_django_co FOREIGN KEY (content_type_id) REFERENCES public.django_content_type(id) DEFERRABLE INITIALLY DEFERRED;


--
-- Name: django_admin_log django_admin_log_user_id_c564eba6_fk_auth_user_id; Type: FK CONSTRAINT; Schema: public; Owner: sferrara
--

ALTER TABLE ONLY public.django_admin_log
    ADD CONSTRAINT django_admin_log_user_id_c564eba6_fk_auth_user_id FOREIGN KEY (user_id) REFERENCES public.auth_user(id) DEFERRABLE INITIALLY DEFERRED;


--
-- Name: TABLE "api_Immfly_channel"; Type: ACL; Schema: public; Owner: sferrara
--

GRANT ALL ON TABLE public."api_Immfly_channel" TO immfly;


--
-- Name: SEQUENCE "api_Immfly_channel_id_seq"; Type: ACL; Schema: public; Owner: sferrara
--

GRANT ALL ON SEQUENCE public."api_Immfly_channel_id_seq" TO immfly;


--
-- Name: TABLE "api_Immfly_channel_parent"; Type: ACL; Schema: public; Owner: sferrara
--

GRANT ALL ON TABLE public."api_Immfly_channel_parent" TO immfly;


--
-- Name: SEQUENCE "api_Immfly_channel_parent_id_seq"; Type: ACL; Schema: public; Owner: sferrara
--

GRANT ALL ON SEQUENCE public."api_Immfly_channel_parent_id_seq" TO immfly;


--
-- Name: TABLE "api_Immfly_content"; Type: ACL; Schema: public; Owner: sferrara
--

GRANT ALL ON TABLE public."api_Immfly_content" TO immfly;


--
-- Name: SEQUENCE "api_Immfly_content_id_seq"; Type: ACL; Schema: public; Owner: sferrara
--

GRANT ALL ON SEQUENCE public."api_Immfly_content_id_seq" TO immfly;


--
-- Name: TABLE "api_Immfly_metadatos"; Type: ACL; Schema: public; Owner: sferrara
--

GRANT ALL ON TABLE public."api_Immfly_metadatos" TO immfly;


--
-- Name: SEQUENCE "api_Immfly_metadatos_id_seq"; Type: ACL; Schema: public; Owner: sferrara
--

GRANT ALL ON SEQUENCE public."api_Immfly_metadatos_id_seq" TO immfly;


--
-- Name: TABLE auth_group; Type: ACL; Schema: public; Owner: sferrara
--

GRANT ALL ON TABLE public.auth_group TO immfly;


--
-- Name: SEQUENCE auth_group_id_seq; Type: ACL; Schema: public; Owner: sferrara
--

GRANT ALL ON SEQUENCE public.auth_group_id_seq TO immfly;


--
-- Name: TABLE auth_group_permissions; Type: ACL; Schema: public; Owner: sferrara
--

GRANT ALL ON TABLE public.auth_group_permissions TO immfly;


--
-- Name: SEQUENCE auth_group_permissions_id_seq; Type: ACL; Schema: public; Owner: sferrara
--

GRANT ALL ON SEQUENCE public.auth_group_permissions_id_seq TO immfly;


--
-- Name: TABLE auth_permission; Type: ACL; Schema: public; Owner: sferrara
--

GRANT ALL ON TABLE public.auth_permission TO immfly;


--
-- Name: SEQUENCE auth_permission_id_seq; Type: ACL; Schema: public; Owner: sferrara
--

GRANT ALL ON SEQUENCE public.auth_permission_id_seq TO immfly;


--
-- Name: TABLE auth_user; Type: ACL; Schema: public; Owner: sferrara
--

GRANT ALL ON TABLE public.auth_user TO immfly;


--
-- Name: TABLE auth_user_groups; Type: ACL; Schema: public; Owner: sferrara
--

GRANT ALL ON TABLE public.auth_user_groups TO immfly;


--
-- Name: SEQUENCE auth_user_groups_id_seq; Type: ACL; Schema: public; Owner: sferrara
--

GRANT ALL ON SEQUENCE public.auth_user_groups_id_seq TO immfly;


--
-- Name: SEQUENCE auth_user_id_seq; Type: ACL; Schema: public; Owner: sferrara
--

GRANT ALL ON SEQUENCE public.auth_user_id_seq TO immfly;


--
-- Name: TABLE auth_user_user_permissions; Type: ACL; Schema: public; Owner: sferrara
--

GRANT ALL ON TABLE public.auth_user_user_permissions TO immfly;


--
-- Name: SEQUENCE auth_user_user_permissions_id_seq; Type: ACL; Schema: public; Owner: sferrara
--

GRANT ALL ON SEQUENCE public.auth_user_user_permissions_id_seq TO immfly;


--
-- Name: TABLE django_admin_log; Type: ACL; Schema: public; Owner: sferrara
--

GRANT ALL ON TABLE public.django_admin_log TO immfly;


--
-- Name: SEQUENCE django_admin_log_id_seq; Type: ACL; Schema: public; Owner: sferrara
--

GRANT ALL ON SEQUENCE public.django_admin_log_id_seq TO immfly;


--
-- Name: TABLE django_content_type; Type: ACL; Schema: public; Owner: sferrara
--

GRANT ALL ON TABLE public.django_content_type TO immfly;


--
-- Name: SEQUENCE django_content_type_id_seq; Type: ACL; Schema: public; Owner: sferrara
--

GRANT ALL ON SEQUENCE public.django_content_type_id_seq TO immfly;


--
-- Name: TABLE django_migrations; Type: ACL; Schema: public; Owner: sferrara
--

GRANT ALL ON TABLE public.django_migrations TO immfly;


--
-- Name: SEQUENCE django_migrations_id_seq; Type: ACL; Schema: public; Owner: sferrara
--

GRANT ALL ON SEQUENCE public.django_migrations_id_seq TO immfly;


--
-- Name: TABLE django_session; Type: ACL; Schema: public; Owner: sferrara
--

GRANT ALL ON TABLE public.django_session TO immfly;


--
-- PostgreSQL database dump complete
--

